{
  "resources": {
    "x1": 0.489453125,
    "y1": 0.024305555555555556,
    "x2": 0.790234375,
    "y2": 0.08541666666666667
  },
  "item_grid": {
    "x1": 0.522265625,
    "y1": 0.2,
    "x2": 0.984375,
    "y2": 0.85625
  },
  "item_detail": {
    "x1": 0.026953125,
    "y1": 0.6069444444444444,
    "x2": 0.461328125,
    "y2": 0.7798611111111111
  },
  "equipment_grid": {
    "x1": 0.52109375,
    "y1": 0.19791666666666666,
    "x2": 0.984375,
    "y2": 0.9659722222222222
  },
  "equipment_detail": {
    "x1": 0.033203125,
    "y1": 0.7229166666666667,
    "x2": 0.4984375,
    "y2": 0.8902777777777777
  },
  "student_basic": {
    "x1": 0.021875,
    "y1": 0.7236111111111111,
    "x2": 0.334375,
    "y2": 0.9743055555555555
  },
  "student_stats": {
    "x1": 0.51484375,
    "y1": 0.15833333333333333,
    "x2": 0.94921875,
    "y2": 0.90625
  }
}