{
  "nickname": "거모이논존재한다",
  "nickname_region": {
    "x1": 0.0,
    "y1": 0.018055555555555554,
    "x2": 0.219140625,
    "y2": 0.1284722222222222
  },
  "resources": {
    "x1": 0.487890625,
    "y1": 0.021527777777777778,
    "x2": 0.79453125,
    "y2": 0.08611111111111111
  },
  "menu_button": {
    "rx": 0.956640625,
    "ry": 0.04513888888888889
  },
  "menu_item_button": {
    "rx": 0.590625,
    "ry": 0.48125
  },
  "menu_equipment_button": {
    "rx": 0.40703125,
    "ry": 0.4777777777777778
  },
  "item_grid": {
    "x1": 0.519140625,
    "y1": 0.20069444444444445,
    "x2": 0.987109375,
    "y2": 0.8527777777777777
  },
  "item_detail": {
    "x1": 0.025,
    "y1": 0.6076388888888888,
    "x2": 0.46328125,
    "y2": 0.7791666666666667
  },
  "equipment_grid": {
    "x1": 0.51875,
    "y1": 0.20069444444444445,
    "x2": 0.9875,
    "y2": 0.9673611111111111
  },
  "equipment_detail": {
    "x1": 0.031640625,
    "y1": 0.7208333333333333,
    "x2": 0.498046875,
    "y2": 0.8916666666666667
  }
}